Player @,Content,Date
@JHarden13,Fuck a @JHarden13 We have this guy. #BrotherlyLove,"Dec 30, 2023"
@JHarden13,Never give up and shhh the critics @JHarden13 #Harden,"Dec 30, 2023"
@JHarden13,"dance with THE BEARD

@JHarden13 | @LAClippers","Dec 30, 2023"
@JHarden13,"James Harden is the best PG, playmaker and ball handler in the world @JHarden13","Dec 30, 2023"
@JHarden13,"MJ shot with his left? @JHarden13 ? 
WTF @vinijr ?","Dec 30, 2023"
@JHarden13,Imagine having @JHarden13 on your team.,"Dec 30, 2023"
@JHarden13,PG to @JHarden13 in the 2H tonight,"Dec 29, 2023"
@LAClippers,Watching Clippers game and realize all the niggaz who hate Lebron all playing together @LAClippers @Lakers @russwest44 @TPull212 @kawhi_ring @JHarden13 what a coincidence,"Dec 29, 2023"
@JHarden13,"Dear @JHarden13. you may not ever see this but I just have to say it. I love you. I love your glorious beard, I love your cute little teeth. I have to change my pants every time I watch you play with balls, sometimes more than once. You are so handsome. My beautiful pookie","Dec 29, 2023"
@JHarden13,These @JHarden13 passes this half are crazy,"Dec 29, 2023"
@JHarden13,Vintage Brodie out there right now. Love seeing @JHarden13 & @russwest44 on the same team again #NBA #NBATwitter,"Dec 29, 2023"
@JHarden13,Congrats to @JHarden13 of the @LAClippers for moving to 16th all-time in assists!,"Dec 29, 2023"
@JHarden13,"HARD3N

@JHarden13 | @LAClippers | #ClipperNation￼","Dec 29, 2023"
@JHarden13,BIG GAME @JHarden13 !!!!,"Dec 29, 2023"
@JHarden13,"COUNT IT & 1 @JHarden13   

@LAClippers | #ClipperNation￼","Dec 29, 2023"
@JHarden13,"We got basketball in downtown Los Angeles@JHarden13 looks reeady to go!

Clippers vs Grizzlies on Bally Sport San Diego

Stream on http://BallySports.com and the Bally Sports App!

@LAClippers | #ClipperNation￼","Dec 29, 2023"
@JHarden13,"Good Vibes Janky Drawing: Grizzled Beard [LAC vs MEM 12.29.23]
---
hunting season

@JHarden13

#jamesharden #harden #uno #thebeard #thesystem #theproblem","Dec 29, 2023"
@ETBSports,"#ICYMI: The Best of @ETBSports 2023 Part 2

Recapping all the biggest headlines from the second half of the year, including @NorthwesternU hazing, @espn layoffs, @JHarden13 traded, @tkelce & @taylorswift13, & MORE!

Full EP: https://youtube.com/watch?v=AqOOt0qcaLc…

#BestOf2023 #sports #podcast","Dec 29, 2023"
@JHarden13,2019 @JHarden13 numbers…almost,"Dec 28, 2023"
@Bigsports0,The  of LAC @Bigsports0 @LAClippers @DimeDropperPod @russwest44 @Yg_Trece @JHarden13 @mirandabbycakes @CoachLaForce @LawMurrayTheNU @Clipper_Spencer,"Dec 27, 2023"